lang,STA,SIM,XCOMET,J
en,0.8184984625852394,0.8642495868486253,0.2199999988079071,0.1567290190389773
es,0.6319747849501537,0.8764785742629724,0.2199999988079071,0.12157652308507974
zh,0.8411255406209766,0.8245568947001929,0.2199999988079071,0.1515780937468174
