lang,STA,SIM,XCOMET,J
en,0.5270757238617989,0.8814990385905089,0.2199999988079071,0.1024471982020097
es,0.6295108191981602,0.883630580526924,0.2199999988079071,0.12247204566165194
zh,0.6223182963297185,0.8791995516980778,0.2199999988079071,0.12023814697667035
