lang,STA,SIM,XCOMET,J
en,0.9440840616809965,0.8605654478708477,0.2199999988079071,0.1793598338062315
es,0.8957045141668741,0.8814596918398808,0.2199999988079071,0.17403813973800014
zh,0.7328258905888952,0.8570354725576038,0.2199999988079071,0.13641574114230132
