lang,STA,SIM,XCOMET,J
en,0.5072687766978561,0.8435658306892804,0.2199999988079071,0.0956759856276655
es,0.45094474525505013,0.8317987790671865,0.2199999988079071,0.0834079837009168
zh,0.9958275819100953,0.09852484653721608,0.2199999988079071,0.021571405596972053
